model,vehicle_year,price,mileage,payment,city,state,status,sale_date,sale_year
718 Cayman,2022,79500.0,9800.0,Credit Card,Boston,MA,Delivered,,
911 Turbo S,2024,235000.0,1200.0,Wire Transfer,Seattle,WA,Delivered,2024-03-14,2024
Cayenne Coupe,2023,112750.0,6400.0,Financing,Austin,TX,In Transit,2024-04-18,2024
Macan S,2021,68900.0,28.0,Cash,Denver,CO,Pending,,
Taycan 4S,2024,121000.0,0.0,Bank Transfer,Los Angeles,CA,Delivered,2024-05-22,2024
Panamera 4,2023,104500.0,14500.0,Credit Card,Miami,FL,Cancelled,2024-08-06,2024
911 Carrera S,2020,96300.0,41000.0,Lease,New York,NY,Delivered,2024-07-11,2024
Cayenne E-Hybrid,2022,89750.0,11744.0,Wire Transfer,San Diego,CA,Pending Approval,,
718 Boxster,2021,73500.0,22300.0,Debit Card,Chicago,IL,Shipped,2024-08-19,2024
Macan GTS,2024,95000.0,3500.0,Financing,Phoenix,AZ,In Transit,2024-09-02,2024
Taycan Turbo,2023,153200.5,11.0,ACH Payment,Dallas,TX,Delivered,2024-09-17,2024
911 GT3,2024,241000.0,750.0,Wire Transfer,Las Vegas,NV,Pending,,
Panamera Turbo S,2022,132000.0,19250.0,Cash,San Jose,CA,Delivered,2024-05-11,2024
Cayenne Turbo GT,2024,188000.0,2100.0,Crypto Payment,Houston,TX,Awaiting Delivery,2024-12-12,2024
911 Carrera Cabriolet,2023,127800.0,12000.0,Credit Card,Atlanta,GA,Delivered,2024-12-25,2024
Macan,2021,58900.0,33700.0,Bank Transfer,Orlando,FL,Pending,2025-01-06,2025
718 Spyder RS,2024,164000.0,900.0,Financing,Portland,OR,In Transit,,
Taycan Cross Turismo,2023,118500.0,7800.0,Wire Transfer,Charlotte,NC,Delivered,2025-02-14,2025
Cayenne S,2022,91300.0,16000.0,Credit Card,Nashville,TN,Pending,,
911 Targa 4S,2024,158750.0,2500.0,Lease,Minneapolis,MN,Delivered,2025-03-21,2025
Panamera,2020,72000.0,49000.0,Bank Transfer,Philadelphia,PA,Cancelled,2025-03-28,2025
Macan Electric,2025,86500.0,0.0,Wire Transfer,San Antonio,TX,Delivered,2025-04-09,2025
911 Dakar,2024,270000.0,1050.0,Cash,Salt Lake City,UT,Awaiting Pickup,,
Taycan GTS,2023,139000.0,6250.0,Financing,Raleigh,NC,In Transit,2025-05-12,2025
Cayenne,2021,76800.0,38400.0,Credit Card,Detroit,MI,Delivered,2025-06-18,2025
718 Cayman GT4 RS,2024,173600.0,400.0,Wire Transfer,Columbus,OH,Pending,,
911 Carrera GTS,2022,119900.0,13600.0,Cash,Indianapolis,IN,Delivered,2025-07-07,2025
Panamera 4 E-Hybrid,2023,109250.0,8900.0,Lease,Fort Worth,TX,In Transit,2025-07-22,2025
Macan T,2022,82000.0,21750.0,Wire Transfer,Jacksonville,FL,Delivered,2025-08-14,2025
Taycan Turbo S,2025,214000.0,0.0,Crypto Payment,San Diego,CA,Pending Review,2025-09-01,2025
911 Carrera,2024,124500.0,4800.0,Credit Card,Tampa,FL,Delivered,,
Cayenne S,2023,98200.0,12200.0,Bank Transfer,Sacramento,CA,Pending,2025-09-18,2025
Macan,2022,67500.0,24100.0,Financing,Cleveland,OH,Delivered,2025-10-04,2025
Taycan,2025,116900.0,0.0,Wire Transfer,Milwaukee,WI,In Transit,2025-10-12,2025
Panamera 4S,2024,112000.0,10.0,Cash,Kansas City,MO,Delivered,2025-10-29,2025
718 Boxster,2021,74000.0,31000.0,Debit Card,Omaha,NE,Cancelled,2025-02-11,2025
911 Turbo,2024,198300.0,2400.0,Wire Transfer,Albuquerque,NM,Awaiting Delivery,2025-11-16,2025
Cayenne Coupe,2023,103750.0,6773.0,Wire Transfer,Tucson,AZ,Pending Approval,,
Macan GTS,2024,93600.0,5800.0,Financing,Fresno,CA,Shipped,,
Taycan 4S,2025,129000.0,0.0,ACH Payment,Virginia Beach,VA,In Transit,2025-12-07,2025
Panamera Turbo,2022,136000.0,18400.0,Credit Card,Colorado Springs,CO,Delivered,2025-12-22,2025
911 GT3 RS,2024,286500.0,700.0,Wire Transfer,Arlington,TX,Pending,,
Cayenne E-Hybrid,2023,92800.0,15000.0,Lease,Bakersfield,CA,Delivered,2026-01-08,2026
Macan T,2022,72400.0,19750.0,Cash,Mesa,AZ,Awaiting Pickup,2026-01-15,2026
Taycan Turbo,2025,158500.0,3200.0,Crypto Payment,Atlanta,GA,Delivered,2026-01-28,2026
718 Cayman,2021,69900.0,27600.0,Bank Transfer,Long Beach,CA,Pending,2026-02-03,2026
911 Targa 4,2024,141250.0,2100.0,Financing,Oakland,CA,In Transit,,
Panamera,2020,71500.0,52000.0,Wire Transfer,Tulsa,OK,Delivered,2026-02-19,2026
Cayenne Turbo,2023,146800.0,11300.0,Credit Card,Wichita,KS,Pending,2026-02-25,2026
Macan Electric,2025,89700.0,0.0,Lease,New Orleans,LA,Delivered,2026-03-01,2026
911 Carrera S,2022,104600.0,15900.0,Bank Transfer,Honolulu,HI,Cancelled,2026-03-14,2026
Taycan GTS,2024,142000.0,6600.0,Wire Transfer,Anaheim,CA,Delivered,,
Cayenne,2021,78400.0,40250.0,Cash,Henderson,NV,Awaiting Review,2026-04-08,2026
718 Spyder RS,2025,169000.0,850.0,Financing,Lexington,KY,In Transit,,
911 Dakar,2024,268900.0,1400.0,Credit Card,Riverside,CA,Delivered,2026-04-21,2026
Panamera 4,2023,101300.0,12700.0,Wire Transfer,Corpus Christi,TX,Pending,2026-04-29,2026
Macan S,2021,66750.0,29800.0,Cash,St. Louis,MO,Delivered,2026-05-05,2026
Taycan Cross Turismo,2024,127900.0,7500.0,Lease,Pittsburgh,PA,In Transit,2026-05-14,2026
Cayenne Turbo GT,2025,200000.0,1950.0,Wire Transfer,Cincinnati,OH,Delivered,2026-05-23,2026
911 Carrera Cabriolet,2023,132000.0,8800.0,Crypto Payment,Anchorage,AK,Pending Review,2026-06-02,2026
718 Cayman GT4 RS,2024,176400.0,600.0,Credit Card,Plano,TX,Delivered,2026-06-15,2026
Panamera 4 E-Hybrid,2022,108500.0,16200.0,Bank Transfer,Newark,NJ,Cancelled,,
Macan,2021,59000.0,36000.0,Financing,Greensboro,NC,Awaiting Delivery,2026-07-07,2026
Taycan Turbo S,2025,218000.0,0.0,Wire Transfer,Lincoln,NE,Pending,2026-07-20,2026
Cayenne S,2024,99950.0,5300.0,Debit Card,Jersey City,NJ,Delivered,,
911 Carrera GTS,2024,121750.0,5872.0,Credit Card,Chandler,AZ,Delivered,2026-04-08,2026
718 Boxster GTS,2023,91500.0,13300.0,Lease,Reno,NV,Shipped,2026-08-18,2026
Panamera Turbo S,2022,134000.0,20100.0,Wire Transfer,Buffalo,NY,In Transit,2026-08-31,2026
Macan GTS,2024,96800.0,0.0,ACH Payment,Durham,NC,Delivered,2026-09-09,2026
Taycan 4S,2025,131600.0,2900.0,Wire Transfer,Laredo,TX,Pending Approval,2026-09-17,2026
Cayenne E-Hybrid,2023,94300.0,13100.0,Cash,Madison,WI,Delivered,2026-09-28,2026
911 Turbo S,2025,242000.0,1100.0,Crypto Payment,Lubbock,TX,Awaiting Pickup,2026-10-06,2026
718 Cayman S,2022,82750.0,22500.0,Credit Card,Toledo,OH,Cancelled,2026-10-16,2026
Macan Electric,2026,91300.0,0.0,Wire Transfer,Irvine,CA,Delivered,2026-10-29,2026
Panamera,2021,79900.0,44800.0,Financing,Garland,TX,Pending,2026-11-03,2026
Cayenne Coupe,2024,111000.0,6700.0,Bank Transfer,Irving,TX,In Transit,,
911 Targa 4S,2023,156500.0,4200.0,Cash,Chesapeake,VA,Delivered,2026-12-11,2026
Taycan,2025,119900.0,1250.0,Lease,Scottsdale,AZ,Pending,2026-12-24,2026
Macan T,2022,73200.0,18600.0,Wire Transfer,Norfolk,VA,Delivered,,
911 GT3,2024,224000.0,3000.0,Wire Transfer,Boise,ID,Awaiting Delivery,2026-12-28,2026
911 Carrera,2024,126900.0,7200.0,Credit Card,Orlando,FL,Delivered,2027-01-15,2027
Cayenne,2023,84500.0,21400.0,Bank Transfer,San Jose,CA,Pending,2027-01-29,2027
Macan S,2022,69800.0,26300.0,Financing,Tampa,FL,Delivered,2027-02-11,2027
Taycan 4S,2025,132700.0,0.0,Wire Transfer,Denver,CO,In Transit,,
Panamera,2021,81000.0,42.0,Cash,Austin,TX,Delivered,2027-03-05,2027
718 Cayman,2023,78900.0,17500.0,Debit Card,Seattle,WA,Cancelled,2027-03-18,2027
911 Turbo S,2026,249300.0,900.0,Wire Transfer,Boston,MA,Awaiting Delivery,2027-04-02,2027
Cayenne Coupe,2024,108750.0,5530.0,Wire Transfer,Phoenix,AZ,Pending Approval,,
Macan Electric,2026,92600.0,0.0,Financing,Chicago,IL,Shipped,,
Taycan Turbo,2025,164000.0,0.0,ACH Payment,Dallas,TX,In Transit,2027-05-12,2027
Panamera 4S,2024,119000.0,13400.0,Credit Card,San Francisco,CA,Delivered,2027-05-27,2027
911 GT3,2026,232500.0,1700.0,Wire Transfer,Las Vegas,NV,Pending,,
Cayenne E-Hybrid,2023,96800.0,14000.0,Lease,Charlotte,NC,Delivered,2027-06-18,2027
Macan T,2022,74400.0,20750.0,Cash,Mesa,AZ,Awaiting Pickup,2027-07-03,2027
Taycan GTS,2025,148500.0,5200.0,Crypto Payment,Atlanta,GA,Delivered,2027-07-22,2027
718 Boxster,2021,71900.0,29600.0,Bank Transfer,Long Beach,CA,Pending,2027-08-08,2027
911 Targa 4,2024,143250.0,3100.0,Financing,Oakland,CA,In Transit,,
Panamera Turbo,2020,137500.0,48000.0,Wire Transfer,Tulsa,OK,Delivered,2027-09-19,2027
Cayenne Turbo GT,2025,204800.0,3300.0,Credit Card,Wichita,KS,Pending,2027-09-25,2027
911 Dakar,2024,271700.0,1050.0,Lease,New Orleans,LA,Delivered,2027-10-01,2027
